id,name,latitude,longitude,district
3581,Underhill Ave & Lincoln Pl,40.674012299999994,-73.9671457,77
3144,E 81 St & Park Ave,40.77677702,-73.95900970000001,19
534,Water - Whitehall Plaza,40.70255065,-74.0127234,1
319,Fulton St & Broadway,40.711065999999995,-74.009447,1
3294,E 91 St & Park Ave,40.7835016,-73.955327,19
3372,E 74 St & 1 Ave,40.7689738,-73.95482273,19
3301,Columbus Ave & W 95 St,40.7919557,-73.968087,24
500,Broadway & W 51 St,40.76228826,-73.98336183,18
3739,Perry St & Greenwich Ave,40.735918,-74.000939,6
356,Bialystoker Pl & Delancey St,40.71622644,-73.98261206,7
536,1 Ave & E 30 St,40.74144387,-73.97536082,17
317,E 6 St & Avenue B,40.72453734,-73.98185424,9
447,8 Ave & W 52 St,40.76370739,-73.9851615,18
3131,E 68 St & 3 Ave,40.7671284034954,-73.9622461795807,19
3414,Bergen St & Flatbush Ave,40.680944723477296,-73.9756733179092,78
3080,S 4 St & Rodney St,40.709340000000005,-73.95608,90
3690,Park Pl & Church St,40.71334184275911,-74.0093551576138,1
469,Broadway & W 53 St,40.76344058,-73.98268129,18
362,Broadway & W 37 St,40.75172632,-73.98753523,14
3518,Lenox Ave & W 126 St,40.808442,-73.94520870000001,28
484,W 44 St & 5 Ave,40.75500254,-73.98014437,14
4232,6 Ave & W 45 St,40.756951,-73.98263100000001,18
533,Broadway & W 38 St,40.75299641,-73.98721619,14
3637,Fulton St & Waverly Ave,40.6832386546034,-73.9659959077835,88
301,E 2 St & Avenue B,40.72217444,-73.98368779,9
540,Lexington Ave & E 29 St,40.743115553764895,-73.9821535348892,13
3381,3 St & Hoyt St,40.6777287,-73.99364123,76
3520,Adam Clayton Powell Blvd & W 118 St,40.804372,-73.951475,28
3135,E 75 St & 3 Ave,40.77112927,-73.95772297,19
3296,E 93 St & 2 Ave,40.7824541752799,-73.94891962409021,19
3553,Frederick Douglass Blvd & W 112 St,40.801694,-73.957145,28
3156,E 72 St & York Ave,40.76663814,-73.95348296,19
497,E 17 St & Broadway,40.73704984,-73.99009296,13
2021,W 45 St & 8 Ave,40.75929124,-73.98859651,18
438,St Marks Pl & 1 Ave,40.72779126,-73.98564945,9
477,W 41 St & 8 Ave,40.75640548,-73.9900262,14
504,1 Ave & E 16 St,40.73221853,-73.98165557,13
3072,Leonard St & Boerum St,40.70583339,-73.94644578,90
4083,Walton Ave & E 168 St,40.836490000000005,-73.918316,44
510,W 51 St & 6 Ave,40.7606597,-73.98042047,18
454,E 51 St & 1 Ave,40.75455731,-73.96592976,17
4071,Broadway & W 160 St,40.835775,-73.9434,33
508,W 46 St & 11 Ave,40.76341379,-73.99667444,18
3236,W 42 St & Dyer Ave,40.75898481399629,-73.9937996864319,10
2003,1 Ave & E 18 St,40.733812191966294,-73.9805442094803,13
151,Cleveland Pl & Spring St,40.722103786686,-73.997249007225,5
468,Broadway & W 56 St,40.7652654,-73.98192338,18
3391,E 106 St & 1 Ave,40.7892529,-73.93956237,23
3506,Lexington Ave & E 120 St,40.8013066,-73.93981670000001,25
3808,24 St & 41 Ave,40.752474,-73.939991,114
3318,2 Ave & E 96 St,40.7839636,-73.94716729999999,19
3300,Prospect Park West & 8 St,40.6651468153379,-73.9763760566711,78
499,Broadway & W 60 St,40.76915505,-73.98191841,20
474,5 Ave & E 29 St,40.7451677,-73.98683077,13
3641,Broadway & W 25 St,40.7428687731211,-73.9891862869263,13
3916,Pearl St & Peck Slip,40.708484999999996,-74.002751,1
3093,N 6 St & Bedford Ave,40.71745169,-73.95850939,94
3987,E 149 St & Jackson Ave,40.813134999999996,-73.909235,40
3491,E 118 St & 1 Ave,40.797470000000004,-73.93504,25
545,E 23 St & 1 Ave,40.736502,-73.97809472,13
435,W 21 St & 6 Ave,40.74173969,-73.99415556,13
4072,W 48 St & Rockefeller Plaza,40.7579364624367,-73.9796027541161,18
3664,North Moore St & Greenwich St,40.7201952143746,-74.0103006362915,1
3351,E 102 St & 1 Ave,40.7869946,-73.94164802,23
3773,Knickerbocker Ave & Thames St,40.70539,-73.92976,90
340,Madison St & Clinton St,40.71269042,-73.98776323,7
445,E 10 St & Avenue A,40.72740794,-73.98142006,9
161,LaGuardia Pl & W 3 St,40.72917025,-73.99810231,6
3549,Grand Ave & Bergen St,40.678045000000004,-73.962408,77
4110,Avenue D & E 10 St,40.72506551015471,-73.97515833377841,9
494,W 26 St & 8 Ave,40.74734825,-73.99723551,10
450,W 49 St & 8 Ave,40.76227205,-73.98788205,18
224,Spruce St & Nassau St,40.71146364,-74.00552427,1
3500,E 115 St & Madison Ave,40.7989445,-73.944846,23
320,Leonard St & Church St,40.717571,-74.005549,1
3671,E 81 St & 2 Ave,40.7747794489573,-73.95427465438841,19
324,DeKalb Ave & Hudson Ave,40.689888,-73.981013,88
238,Bank St & Washington St,40.7361967,-74.00859207,6
3170,W 84 St & Columbus Ave,40.78499979,-73.97283406,20
3443,W 52 St & 6 Ave,40.761329831248105,-73.9798200130463,18
364,Lafayette Ave & Classon Ave,40.68900443,-73.96023854,88
2000,Front St & Washington St,40.70255088,-73.98940236,84
3323,W 106 St & Central Park West,40.798185600000004,-73.96059090060001,24
3137,5 Ave & E 72 St,40.77282817,-73.96685276,22
3711,E 13 St & Avenue A,40.72966729392979,-73.9806796610355,9
4125,E 161 St & River Ave,40.827883,-73.927111,44
270,Adelphi St & Myrtle Ave,40.69308257,-73.97178913,88
3611,Vernon Blvd & 47 Rd,40.7449067,-73.9534573,108
276,Duane St & Greenwich St,40.71748752,-74.0104554,1
3821,Evergreen Ave & Noll St,40.70106,-73.93318000000001,83
482,W 15 St & 7 Ave,40.73935542,-73.99931783,10
3390,E 109 St & 3 Ave,40.79329668,-73.9432083,23
3178,Riverside Dr & W 78 St,40.78414472,-73.98362492,20
387,Centre St & Chambers St,40.71273266,-74.0046073,1
503,E 20 St & Park Ave,40.73827428,-73.98751968,13
460,S 4 St & Wythe Ave,40.71285887,-73.96590294,90
3285,W 87 St & Amsterdam Ave,40.78839,-73.9747,24
3897,Onderdonk Ave & Dekalb Ave,40.70863,-73.91497,104
3171,Amsterdam Ave & W 82 St,40.78524672,-73.97667321,20
4044,8 Ave & W 38 St,40.75461,-73.99176999999999,14
3861,Menahan St & Wyckoff Ave,40.70113,-73.91422,83
3571,Bedford Ave & Bergen St,40.676368,-73.95291800000001,77
4225,Clinton St & Tillary St,40.6962329712932,-73.9914205670357,84
3997,5 Av & W 139 St,40.815484000000005,-73.935856,32
3259,9 Ave & W 28 St,40.749370241932795,-73.9992338418961,10
3786,Division St & Bowery,40.714193,-73.996732,5
3112,Milton St & Franklin St,40.72906,-73.95779,94
3749,Lexington Ave & E 36 St,40.747573958954796,-73.97880077362059,17
472,E 32 St & Park Ave,40.745712100000006,-73.98194829,14
3621,27 Ave & 9 St,40.7739825,-73.93091340000001,114
3151,E 81 St & York Ave,40.7728384,-73.94989233,19
3551,3 Ave & E 112 St,40.795508,-73.94160600000001,23
3290,E 89 St & York Ave,40.7779453,-73.94604100000001,19
4117,Sullivan Pl & Franklin Ave,40.6640798367816,-73.96025128666679,71
3140,1 Ave & E 78 St,40.77140426,-73.9535166,19
326,E 11 St & 1 Ave,40.72953837,-73.98426726,9
426,West St & Chambers St,40.71754834,-74.01322069,1
3315,Henry St & Degraw St,40.684751399999996,-73.99917254,76
3809,W 55 St & 6 Ave,40.763189000000004,-73.978434,18
3724,7 Ave & Central Park South,40.7667405590595,-73.9790689945221,18
526,E 33 St & 5 Ave,40.74765947,-73.98490707,14
3402,Court St & State St,40.6902375,-73.99203074,84
3541,Amsterdam Ave & W 125 St,40.813358,-73.956461,26
3758,George St & Wilson Ave,40.702996999999996,-73.92997,83
4230,Charlotte St & Boston Rd,40.8358771,-73.89314279999999,42
143,Clinton St & Joralemon St,40.69239502,-73.99337909,84
3766,Sharon St & Olive St,40.715353,-73.93856,90
4214,Spring St & Hudson St,40.725839967923704,-74.00765329599379,1
399,Lafayette Ave & St James Pl,40.68851534,-73.9647628,88
3718,E 11 St & Avenue B,40.7274642069239,-73.9795041829348,9
3838,Bushwick Ave & Harman St,40.69356,-73.92524,83
3163,Central Park West & W 68 St,40.7734066,-73.97782542,22
3898,E 63 St & 3 Ave,40.763954,-73.9646,19
4068,Fort Washington Ave & W 183 St,40.852252,-73.937854,34
3502,Lexington Ave & E 111 St,40.79541210000001,-73.9441232,23
442,W 27 St & 7 Ave,40.746646999999996,-73.993915,10
3435,Grand St & Elizabeth St,40.718821999999996,-73.99596,5
291,Madison St & Montgomery St,40.713126,-73.984844,7
4122,Central Park W & W 97 St,40.7924951949511,-73.9641706646307,24
3150,E 85 St & York Ave,40.77536905,-73.94803392,19
4280,W 10 St & Washington St,40.733423994370796,-74.0085149556398,6
3260,Mercer St & Bleecker St,40.7270636334831,-73.99662137031551,6
3721,31 St & Newtown Ave,40.7675487799971,-73.92093345522879,114
4279,E 54 St & 1 Ave,40.756265,-73.964179,17
3164,Columbus Ave & W 72 St,40.7770575,-73.97898475,20
3283,W 89 St & Columbus Ave,40.7882213,-73.97041561,24
3106,Driggs Ave & N Henry St,40.72325,-73.94308000000001,94
3255,8 Ave & W 31 St,40.7505853470215,-73.9946848154068,14
3783,Cliff St & Fulton St,40.70838,-74.00495,1
3096,Union Ave & N 12 St,40.71924,-73.95241999999999,94
3143,5 Ave & E 78 St,40.77632142182271,-73.9642739295959,22
529,W 42 St & 8 Ave,40.75756989999999,-73.99098507,14
281,Grand Army Plaza & Central Park S,40.764397100000004,-73.97371465,18
439,E 4 St & 2 Ave,40.726280700000004,-73.98978041,9
3165,Central Park West & W 72 St,40.775793766836706,-73.97620573639871,22
3687,E 33 St & 1 Ave,40.7432268143217,-73.9744978398085,17
473,Rivington St & Chrystie St,40.72110063,-73.99192540000001,5
505,6 Ave & W 33 St,40.74901271,-73.98848395,14
307,Canal St & Rutgers St,40.71427487,-73.98990025,7
3289,W 90 St & Amsterdam Ave,40.7901794809508,-73.9728891849518,24
3768,Waterbury St & Stagg St,40.710190000000004,-73.93734,90
3707,Lexington Ave & E 26 St,40.741459000000006,-73.983293,13
3906,West St & Liberty St,40.711444,-74.014847,1
3312,1 Ave & E 94 St,40.78172120000001,-73.94594000000001,19
3423,West Drive & Prospect Park West,40.6610633719006,-73.97945255041121,78
285,Broadway & E 14 St,40.73454567,-73.99074142,9
258,DeKalb Ave & Vanderbilt Ave,40.68940747,-73.96885458,88
368,Carmine St & 6 Ave,40.73038599,-74.00214988,6
476,E 31 St & 3 Ave,40.74394314,-73.97966069,17
3656,E 2 St & Avenue A,40.723077490686705,-73.98583620786671,9
128,MacDougal St & Prince St,40.72710258,-74.00297088,1
448,W 37 St & 10 Ave,40.75660359,-73.9979009,10
3101,N 12 St & Bedford Ave,40.72079821,-73.95484712,94
331,Pike St & Monroe St,40.71173107,-73.99193043,7
495,W 47 St & 10 Ave,40.76269882,-73.99301222,18
275,Washington Ave & Greene Ave,40.68650065,-73.96563307,88
3329,Degraw St & Smith St,40.6829151,-73.99318208,76
492,W 33 St & 7 Ave,40.75019995,-73.99093085,14
4177,Prospect Ave & Jennings St,40.831762,-73.89685300000001,42
3863,Central Ave & Woodbine St,40.69296,-73.91605,83
3368,5 Ave & 3 St,40.672815500000006,-73.98352355,78
4043,W 78 St & Amsterdam Ave,40.782535857724106,-73.9790850877762,20
3314,W 95 St & Broadway,40.7937704,-73.971888,24
3256,Pier 40 - Hudson River Park,40.7277140777778,-74.011295735836,1
486,Broadway & W 29 St,40.7462009,-73.98855723,14
519,Pershing Square North,40.751872999999996,-73.97770600000001,14
350,Clinton St & Grand St,40.71559509,-73.9870295,7
3538,W 110 St & Amsterdam Ave,40.802692,-73.96295,26
3129,Queens Plaza North & Crescent St,40.75110165,-73.94073717,108
3132,E 59 St & Madison Ave,40.76350532,-73.97109243,19
3799,6 Ave & W 34 St,40.74964,-73.98805,14
3117,Franklin St & Dupont St,40.735640000000004,-73.95866,94
3282,5 Ave & E 88 St,40.78307,-73.95939,22
4006,E 147 St & Bergen Ave,40.814673,-73.91839,40
3635,W 36 St & 9 Ave,40.7546232402911,-73.9951676130295,14
4088,Nelson Ave & W 172 St,40.843965000000004,-73.920999,44
3325,E 95 St & 3 Ave,40.7849032,-73.950503,19
334,W 20 St & 7 Ave,40.74238787,-73.99726235,10
462,W 22 St & 10 Ave,40.74691959,-74.00451887,10
284,Greenwich Ave & 8 Ave,40.7390169121,-74.0026376103,6
3630,Frederick Douglass Blvd & W 115 St,40.8038654,-73.95593079999999,28
3177,W 84 St & Broadway,40.7867947,-73.977112,20
4120,E 39 St & Lexington Ave,40.74949854602521,-73.9772920311316,17
4099,E 169 St & Webster Ave,40.834015,-73.908863,44
4084,Sheridan Ave & E 168 St,40.835334,-73.9154,44
313,Washington Ave & Park Ave,40.69610226,-73.96751037,88
3160,Central Park West & W 76 St,40.77896784,-73.97374737,22
443,Bedford Ave & S 9 St,40.70853074,-73.96408963,90
3095,Graham Ave & Herbert St,40.71929301,-73.94500379,94
3331,Riverside Dr & W 104 St,40.8013434,-73.97114574390001,24
3147,E 85 St & 3 Ave,40.77801203,-73.95407149,19
146,Hudson St & Reade St,40.71625008,-74.0091059,1
4220,Frederick Douglass Blvd & W 145 St,40.823060999999996,-73.941928,32
2002,Wythe Ave & Metropolitan Ave,40.716887,-73.96319799999999,94
157,Henry St & Atlantic Ave,40.69089272,-73.99612349,84
116,W 17 St & 8 Ave,40.74177603,-74.00149746,10
3124,46 Ave & 5 St,40.74731,-73.95451,108
3959,Edgecombe Ave & W 145 St,40.823498,-73.94386,30
401,Allen St & Rivington St,40.72019576,-73.98997825,5
4328,W 167 St & St. Nicholas Ave,40.840123999999996,-73.93949,33
385,E 55 St & 2 Ave,40.75797322,-73.96603308,17
3592,Crescent St & Broadway,40.7633589,-73.92864709999999,114
164,E 47 St & 2 Ave,40.75323098,-73.97032517,17
3457,E 58 St & Madison Ave,40.76302594280521,-73.9720952510834,18
293,Lafayette St & E 8 St,40.7302066052995,-73.9910262823105,9
311,Norfolk St & Broome St,40.7172274,-73.98802084,7
3605,31 Ave & Crescent St,40.765834600000005,-73.9265474,114
3369,E 82 St & East End Ave,40.7724607,-73.9468208,19
3866,Wilson Ave & Moffat St,40.68906,-73.90505999999999,83
3831,Broadway & Hancock St,40.68663,-73.9168,83
383,Greenwich Ave & Charles St,40.735238,-74.000271,6
3408,Congress St & Clinton St,40.6881529,-73.99520919,76
432,E 7 St & Avenue A,40.72621788,-73.98379855,9
546,E 30 St & Park Ave S,40.74444921,-73.98303529,14
3558,Bergen St & Vanderbilt Ave,40.6794388,-73.96804379999999,77
3374,Central Park North & Adam Clayton Powell Blvd,40.799484,-73.955613,22
3499,2 Ave & E 122 St,40.8006721,-73.9349,25
464,E 56 St & 3 Ave,40.75934501,-73.96759673,17
3503,Madison Ave & E 120 St,40.80295,-73.942954,25
418,Front St & Gold St,40.70224,-73.982578,84
3629,Adam Clayton Powell Blvd & W 126 St,40.809495347779496,-73.9477649331093,28
3540,Morningside Ave & W 123 St,40.81,-73.9551508,26
3110,Meserole Ave & Manhattan Ave,40.72708584,-73.95299117,94
4020,Bradhurst Ave & W 148 St,40.825125,-73.941616,30
3306,10 St & 7 Ave,40.666207799999995,-73.98199886,78
434,9 Ave & W 18 St,40.74317449,-74.00366443,10
328,Watts St & Greenwich St,40.72405549,-74.00965965,1
4013,Convent Ave & W 151 St,40.828309999999995,-73.942924,30
3894,8 Ave & W 16 St,40.740983,-74.00170200000001,10
4204,E 167 St & Bryant Ave,40.826706,-73.888719,41
3307,West End Ave & W 94 St,40.7941654,-73.974124,24
4028,Frederick Douglass Blvd & Harlem River Dr,40.830702,-73.936371,32
3836,Bushwick Ave & Linden St,40.69146,-73.92146,83
3693,N 11 St & Kent Ave,40.722481886382205,-73.95921930670741,94
3892,38 Ave & 29 St,40.75473,-73.93366999999999,114
3674,Jay St & York St,40.7014031725772,-73.9867267012596,84
3573,35 St & 34 Ave,40.7580583,-73.92427509999999,114
4032,E 155 St & Courtlandt Ave,40.820570000000004,-73.917579,40
423,W 54 St & 9 Ave,40.76584941,-73.98690506,18
3905,4 Ave & E 12 St,40.732647,-73.99011,9
3166,Riverside Dr & W 72 St,40.780577990103296,-73.9856243133545,20
4063,Wadsworth Ave & W 175 St,40.846052,-73.937648,33
3820,Willoughby Ave & Myrtle Ave,40.69757,-73.93098,83
489,10 Ave & W 28 St,40.75066386,-74.00176802,10
3890,Grove St & Broadway,40.69047,-73.923511,83
3622,E 128 St & Madison Ave,40.807559999999995,-73.93918199999999,25
3287,W 87 St & West End Ave,40.789621999999994,-73.97757,24
3161,W 76 St & Columbus Ave,40.7801839724239,-73.9772853255272,20
397,Fulton St & Clermont Ave,40.68415748,-73.96922273,88
3708,W 13 St & 5 Ave,40.735445,-73.99431,6
3077,Stagg St & Union Ave,40.70877084,-73.95095259,90
3870,Melrose St & Broadway,40.697480999999996,-73.935877,83
3370,E 78 St & 2 Ave,40.7727966,-73.95577801,19
274,Lafayette Ave & Fort Greene Pl,40.68691865,-73.976682,88
455,1 Ave & E 44 St,40.75001986,-73.96905301,17
391,Clark St & Henry St,40.69760127,-73.99344559,84
3498,Pleasant Ave & E 120 St,40.7974772,-73.9311847,25
236,St Marks Pl & 2 Ave,40.7284186,-73.98713956,9
251,Mott St & Prince St,40.72317958,-73.99480012,5
3769,White St & Johnson Ave,40.707174,-73.93581,90
3263,Cooper Square & Astor Pl,40.729514962249496,-73.990752696991,9
3126,44 Dr & Jackson Ave,40.74718234,-73.9432635,108
3241,Monroe St & Tompkins Ave,40.686203000000006,-73.944694,79
223,W 13 St & 7 Ave,40.73781509,-73.99994661,6
4012,W 148 St & Amsterdam Ave,40.827075,-73.945909,30
3044,Albany Ave & Fulton St,40.6800105,-73.938475,79
3383,Cathedral Pkwy & Broadway,40.804213,-73.96699104,24
249,Harrison St & Hudson St,40.71870987,-74.0090009,1
3973,St Nicholas Ave & W 150 St,40.827212,-73.942722,30
478,11 Ave & W 41 St,40.76030096,-73.99884222,10
470,W 20 St & 8 Ave,40.74345335,-74.00004031,10
3157,East End Ave & E 86 St,40.77518615,-73.94446054,19
457,Broadway & W 58 St,40.76695317,-73.98169333,18
3065,Union Ave & Wallabout St,40.70029511,-73.95032283,90
3141,1 Ave & E 68 St,40.76500525,-73.95818491,19
437,Macon St & Nostrand Ave,40.6809833854,-73.9500479759,79
3697,W 64 St & Thelonious Monk Circle,40.7751595343424,-73.98918695747851,20
3509,Lenox Ave & W 115 St,40.8011939,-73.9500739,28
480,W 53 St & 10 Ave,40.76669671,-73.99061728,18
3172,W 74 St & Columbus Ave,40.7785669,-73.97754961,20
297,E 15 St & 3 Ave,40.734232,-73.986923,13
3412,Pacific St & Nevins St,40.6853761,-73.98302136,84
267,Broadway & W 36 St,40.75097711,-73.98765428,14
3400,E 110 St & Madison Ave,40.796153499999996,-73.94782145,23
3596,Sullivan Pl & Bedford Ave,40.6642406,-73.9574686,71
353,S Portland Ave & Hanson Pl,40.68539567,-73.97431458,88
3070,McKibbin St & Manhattan Ave,40.70510918,-73.94407279,90
3286,E 89 St & 3 Ave,40.7806284,-73.9521667,19
127,Barrow St & Hudson St,40.73172428,-74.00674436,6
4102,Grand Concourse & E 164 St,40.829608,-73.921461,44
344,Monroe St & Bedford Ave,40.6851443,-73.95380904,79
4075,Central Park West & W 85 St,40.78476,-73.969862,20
3827,Halsey St & Broadway,40.68565,-73.91564,73
3055,Greene Ave & Nostrand Ave,40.68833370000001,-73.950916,79
3173,Riverside Blvd & W 67 St,40.777507027548,-73.98888587951659,20
3175,W 70 St & Amsterdam Ave,40.77748046,-73.98288594,20
3486,Schermerhorn St & Bond St,40.6884174275408,-73.9845165610313,84
3602,31 Ave & 34 St,40.763154,-73.920827,114
3725,2 Ave & E 72 St,40.7687620293096,-73.9584079384804,19
515,W 43 St & 10 Ave,40.76009437,-73.99461843,10
237,E 11 St & 2 Ave,40.73047309,-73.98672378,9
405,Washington St & Gansevoort St,40.739323,-74.008119,6
3496,1 Ave & E 110 St,40.7923272,-73.9383,23
490,8 Ave & W 33 St,40.751551,-73.993934,14
3415,Prospect Pl & 6 Ave,40.6793307,-73.97519523,78
4009,Riverside Dr & W 145 St,40.827304999999996,-73.951989,30
358,Christopher St & Greenwich St,40.73291553,-74.00711384,6
3347,Van Brunt St & Wolcott St,40.6773429,-74.01275056,76
3366,West End Ave & W 107 St,40.8021174,-73.9681805305,24
150,E 2 St & Avenue C,40.720873600000004,-73.98085795,9
3130,21 St & Queens Plaza North,40.75325964,-73.94335788,114
247,Perry St & Bleecker St,40.73535398,-74.00483091,6
3403,4 Ave & 9 St,40.6705135,-73.98876585,78
3829,Central Ave & Decatur St,40.6882,-73.90798000000001,83
3493,E 118 St & 3 Ave,40.799139000000004,-73.9389152,25
212,W 16 St & The High Line,40.74334935,-74.00681753,10
3361,Carroll St & 6 Ave,40.6740886,-73.9787282,78
4036,Motorgate,40.7639089,-73.9477213,114
3689,W 104 St & Amsterdam Ave,40.799041392883,-73.96649479866029,24
3376,E 65 St & 2 Ave,40.7647185194434,-73.962220698595,19
252,MacDougal St & Washington Sq,40.73226398,-73.99852205,6
4058,Madison Av & E 51 St,40.75863,-73.97513000000001,18
4123,Central Park W & W 103 St,40.7960368415998,-73.9615890385357,24
3226,W 82 St & Central Park West,40.78275,-73.97137,20
376,John St & William St,40.70862144,-74.00722156,1
3856,Kingsland Ave & Nassau Ave,40.725770000000004,-73.94173,94
3354,3 St & Prospect Park West,40.668132,-73.97363831,78
265,Stanton St & Chrystie St,40.72229346,-73.99147535,5
342,Columbia St & Rivington St,40.71739973,-73.98016555,7
2010,Grand St & Greene St,40.7217000523561,-74.00238141417499,1
3109,Banker St & Meserole Ave,40.72606,-73.95621,94
354,Emerson Pl & Myrtle Ave,40.69363137,-73.96223558,88
361,Allen St & Hester St,40.71605866,-73.99190759,7
3591,21 St & 31 Dr,40.7659,-73.930819,114
336,Sullivan St & Washington Sq,40.73047747,-73.99906065,6
355,Bayard St & Baxter St,40.71602118,-73.99974372,5
3417,Baltic St & 5 Ave,40.6795766,-73.97854971,78
3544,Underhill Ave & Pacific St,40.6804836,-73.9646795,77
302,Avenue D & E 3 St,40.72082834,-73.97793172,9
3780,Wyckoff Av & Stanhope St,40.703545,-73.917775,83
360,William St & Pine St,40.70717936,-74.00887308,1
79,Franklin St & W Broadway,40.71911552,-74.00666661,1
3533,St. Nicholas Ave & W 126 St,40.8114323,-73.95187759999999,28
3759,Irving Ave & Jefferson St,40.70538,-73.92535,83
461,E 20 St & 2 Ave,40.73587678,-73.98205027,13
4131,Goble Pl & Macombs Rd,40.844075,-73.91725600000001,44
3016,Kent Ave & N 7 St,40.7203677529846,-73.96165072917941,94
3244,University Pl & E 8 St,40.7314372408523,-73.9949034154415,6
3332,Degraw St & Hoyt St,40.681990442707,-73.9907902479172,76
410,Suffolk St & Stanton St,40.72066442,-73.98517977,7
3478,2 Ave & 36 St,40.6570886666848,-74.00870203971859,72
3409,Bergen St & Smith St,40.686744299999994,-73.99063168,84
3440,Fulton St & Adams St,40.6924182925785,-73.989494740963,84
3745,36 Ave & 31 St,40.7565127298495,-73.9295748621225,114
3521,Lenox Ave & W 111 St,40.7987859,-73.9523,28
3918,Avenue D & E 8 St,40.72387,-73.975767,9
3356,Amsterdam Ave & W 66 St,40.7746671,-73.98470567,20
3349,Grand Army Plaza & Plaza St West,40.6729679,-73.97087984,78
3712,W 35 St & Dyer Ave,40.754691750226,-73.9974018931389,10
3494,E 115 St & Lexington Ave,40.797911,-73.9423,23
349,Rivington St & Ridge St,40.71850211,-73.98329859,7
3705,Thompson St & Bleecker St,40.728400594508294,-73.9996878057718,6
3841,Menahan St & Central Ave,40.69543,-73.9196,83
485,W 37 St & 5 Ave,40.75038009,-73.98338988,14
3293,W 92 St & Broadway,40.7921,-73.9739,24
3145,E 84 St & Park Ave,40.77862688,-73.95772073,19
3795,10 St & 2 Ave,40.671907,-73.993612,78
4035,Broadway & W 153 St,40.831327,-73.946665,30
389,Broadway & Berry St,40.71044554,-73.96525063,90
481,S 3 St & Bedford Ave,40.71260486,-73.96264403,90
537,Lexington Ave & E 24 St,40.74025878,-73.98409214,13
3531,Frederick Douglass Blvd & W 129 St,40.8125511,-73.9492286,32
229,Great Jones St,40.72743423,-73.99379025,9
4004,Edgecombe Ave & W 141 St,40.820681,-73.945144,32
458,11 Ave & W 27 St,40.751396,-74.00522600000001,10
3859,Lorimer St & Calyer St,40.72795,-73.95414,94
3925,E 138 St & Canal St W,40.812304,-73.929153,40
3246,Montague St & Clinton St,40.6942811413973,-73.9923003315926,84
3510,Adam Clayton Powell Blvd & W 123 St,40.8078316,-73.949373,28
3798,W 40 St & 5 Ave,40.752269,-73.982079,14
3167,Amsterdam Ave & W 73 St,40.7796680900731,-73.9809304475784,20
3373,3 St & 3 Ave,40.675070500000004,-73.98775226,78
3169,Riverside Dr & W 82 St,40.78720869,-73.98128127,20
3059,Pulaski St & Marcus Garvey Blvd,40.693398200000004,-73.939877,81
262,Washington Park,40.6917823,-73.97372990000001,88
82,St James Pl & Pearl St,40.71117416,-74.00016545,5
386,Centre St & Worth St,40.71494807,-74.00234482,5
2022,E 60 St & York Ave,40.759107,-73.959223,19
4093,Grand Concourse & E 161 St,40.827115,-73.92272,44
3134,3 Ave & E 62 St,40.76312584,-73.96526895,19
501,FDR Drive & E 35 St,40.744219,-73.97121214,17
3579,Sterling Pl & Bedford Ave,40.672695000000004,-73.954131,77
3508,St Nicholas Ave & Manhattan Ave,40.809725,-73.953149,28
3648,Flushing Ave & Vanderbilt Ave,40.6979503156954,-73.970775604248,88
517,Pershing Square South,40.751581,-73.97791,14
3536,W 116 St & Broadway,40.8082,-73.9641,26
369,Washington Pl & 6 Ave,40.73224119,-74.00026394,6
3429,Hanson Pl & Ashland Pl,40.6850680730818,-73.97790759801859,88
3436,Greenwich St & Hubert St,40.721319,-74.010065,1
282,Kent Ave & S 11 St,40.7076449441757,-73.9684152603149,90
422,W 59 St & 10 Ave,40.770513,-73.988038,18
4113,Icahn Stadium,40.793459999999996,-73.92389,25
3951,E 141 St & St Ann's Ave,40.808633,-73.916124,40
3085,Roebling St & N 4 St,40.714690000000004,-73.95739,94
3842,Bushwick Ave & Dekalb Ave,40.69502,-73.92825,83
3774,Knickerbocker Ave & George St,40.704425,-73.92836,83
72,W 52 St & 11 Ave,40.76727216,-73.99392888,18
466,W 25 St & 6 Ave,40.74395411,-73.99144871,13
4121,1 Ave & E 39 St,40.74714,-73.97113,17
341,Stanton St & Mangin St,40.71782143,-73.97628939,7
3910,Greene Ave & Grandview Ave,40.709697,-73.90785600000001,104
3585,Union St & Bedford Ave,40.6691783,-73.9554162,71
3048,Putnam Ave & Nostrand Ave,40.684020000000004,-73.94977,79
312,Allen St & Stanton St,40.722055,-73.989111,5
3569,Franklin Ave & St Marks Ave,40.6758324,-73.95616770000001,77
393,E 5 St & Avenue C,40.72299208,-73.97995466,9
3699,W 50 St & 9 Ave,40.763604677958604,-73.9891795814037,18
3327,3 Ave & E 100 St,40.787721399999995,-73.94728331,23
3845,Irving Ave & Harman St,40.70108,-73.9179,83
3914,West End Ave & W 78 St,40.783786,-73.981687,20
532,S 5 Pl & S 5 St,40.710451,-73.960876,90
332,Cherry St,40.71219906,-73.97948148,7
471,Grand St & Havemeyer St,40.71286844,-73.95698119,90
3714,Division Ave & Hooper St,40.706842031013295,-73.9544353965357,90
388,W 26 St & 10 Ave,40.749717753,-74.002950346,10
3764,Bushwick Ave & McKibbin St,40.705517,-73.93936,90
3319,14 St & 5 Ave,40.666287,-73.98895053,78
3574,Prospect Pl & Underhill Ave,40.6769694,-73.96579,77
3737,Stanton St & Norfolk St,40.720746999999996,-73.986274,7
3066,Tompkins Ave & Hopkins St,40.69957608,-73.94708417,79
3804,Front St & Jay St,40.702461,-73.98684200000001,84
408,Market St & Cherry St,40.71076228,-73.99400398,5
3041,Kingston Ave & Herkimer St,40.67890679,-73.94142771,79
509,9 Ave & W 22 St,40.7454973,-74.00197139,10
377,6 Ave & Canal St,40.72243797,-74.00566443,1
3113,Greenpoint Ave & Manhattan Ave,40.730259999999994,-73.95394,94
3917,Willoughby St & Ashland Pl,40.69178,-73.97877,88
4236,W 54 St & 11 Ave,40.768333,-73.992573,18
496,E 16 St & 5 Ave,40.73726186,-73.99238967,13
3726,Center Blvd & 51 Ave,40.74336608027021,-73.95960688590999,108
3731,W 47 St & 6 Ave,40.758396999999995,-73.98255,18
3060,Willoughby Ave & Tompkins Ave,40.69425403,-73.94626915,79
4059,W 171 St & St. Nicholas Ave,40.842940999999996,-73.938631,33
3249,Verona Pl & Fulton St,40.680356084043396,-73.94767910242079,79
3873,Madison St & Cypress Ave,40.70068,-73.90742,104
3087,Metropolitan Ave & Meeker Ave,40.71413311,-73.95234386,94
347,Greenwich St & W Houston St,40.728846000000004,-74.00859100000001,1
3310,14 St & 7 Ave,40.663779,-73.98396846,78
3233,E 48 St & 5 Ave,40.7572456791173,-73.978059142828,18
419,Carlton Ave & Park Ave,40.69580705,-73.97355569,88
3994,2 Ave & E 125 St,40.802554,-73.933509,25
4073,W 51 St & Rockefeller Plaza,40.7596999590625,-73.9780819416046,18
3728,Pierrepont St & Monroe Pl,40.695356933202206,-73.9934402704239,84
3052,Lewis Ave & Madison St,40.686312,-73.935775,81
3387,E 106 St & Madison Ave,40.79343370000001,-73.94945003,23
3744,1 Ave & E 5 St,40.725864,-73.986389,9
4034,Hamilton Pl & W 138 St,40.821728,-73.952761,30
3566,Crescent St & 35 Ave,40.7596276,-73.93214549999999,114
3456,Jackson St & Leonard St,40.716380319735606,-73.9482128620148,94
3437,Riverside Dr & W 91 St,40.7931348098666,-73.97700369358058,24
3311,Columbia St & Kane St,40.68763155,-74.0016256,76
2009,Catherine St & Monroe St,40.71117444,-73.99682619,5
3515,24 Ave & 26 St,40.774591,-73.918544,114
3375,3 Ave & E 72 St,40.7699426,-73.96060712,19
417,Barclay St & Church St,40.71291224,-74.01020234,1
467,Dean St & 4 Ave,40.68312489,-73.97895137,78
2012,E 27 St & 1 Ave,40.739445,-73.97680600000001,13
3813,W 20 St & 10 Ave,40.745686,-74.00514100000001,10
416,Cumberland St & Lafayette Ave,40.68753406,-73.97265183,88
3424,E 106 St & Lexington Ave,40.791976,-73.945993,23
3738,Delancey St & Eldridge St,40.719383,-73.991479,5
394,E 9 St & Avenue C,40.72521311,-73.97768752,9
531,Forsyth St & Broome St,40.71893904,-73.99266288,5
3338,2 Ave & E 99 St,40.786258600000004,-73.94552579,23
308,St James Pl & Oliver St,40.71307916,-73.99851193,5
3617,28 Ave & 35 St,40.7671,-73.9169858,114
4160,Washington Ave & E 174 St,40.843078999999996,-73.900216,42
415,Pearl St & Hanover Square,40.7047177,-74.00926027,1
487,E 20 St & FDR Drive,40.73314259,-73.97573881,13
3309,E 97 St & 3 Ave,40.7859201,-73.94860294,23
3367,5 Ave & E 103 St,40.792255299999994,-73.95249933,23
4106,Ogden Ave & W 164 St,40.832812,-73.929372,44
4210,Grand Concourse & E 166 St,40.831959999999995,-73.91956,44
3934,St Nicholas Ave & E 134 St,40.816234,-73.948222,32
3597,43 St & Broadway,40.7577284,-73.9166368,114
3833,Madison St & Evergreen Ave,40.69122,-73.91693000000001,83
412,Forsyth St & Canal St,40.715815500000005,-73.99422366,5
4060,Amsterdam Ave & W 172 St,40.842172999999995,-73.93511099999999,33
120,Lexington Ave & Classon Ave,40.68676793,-73.95928168,79
3755,DeKalb Ave & Franklin Ave,40.6906480708294,-73.9574617892504,79
3082,Hope St & Union Ave,40.71167351,-73.95141312,90
260,Broad St & Bridge St,40.70365182,-74.01167797,1
3357,W 106 St & Amsterdam Ave,40.80083629999999,-73.9664492472,24
3857,Engert Ave & McGuinness Blvd,40.721579999999996,-73.94546,94
420,Clermont Ave & Lafayette Ave,40.68764484,-73.96968902,88
446,W 24 St & 7 Ave,40.74487634,-73.99529885,10
3767,Powers St & Olive St,40.713229999999996,-73.93894,90
323,Lawrence St & Willoughby St,40.69236178,-73.98631746,84
3775,Suydam St & Knickerbocker Ave,40.702013,-73.923769,83
3537,Carlton Ave & Dean St,40.68097410000001,-73.97100970000001,78
3139,E 72 St & Park Ave,40.7711828754066,-73.9640942215919,19
3078,Broadway & Roebling St,40.709248262761605,-73.96063148975371,90
298,3 Ave & Schermerhorn St,40.68683208,-73.9796772,84
3680,E 43 St & 5 Ave,40.7541208107793,-73.9802518486977,14
3676,Van Brunt St & Van Dyke St,40.675832943912894,-74.01472628116609,76
3379,E 103 St & Lexington Ave,40.790305100000005,-73.94755757,23
2008,Little West St & 1 Pl,40.70569254,-74.01677685,1
3107,Bedford Ave & Nassau Ave,40.72311651,-73.95212324,94
3288,E 88 St & 1 Ave,40.778301,-73.9488134,19
3770,Central Ave & Flushing Ave,40.702831,-73.9333,83
3837,Broadway & Kosciuszko St,40.693290000000005,-73.92851999999999,83
310,State St & Smith St,40.68926942,-73.98912867,84
3453,Devoe St & Lorimer St,40.713352262228796,-73.9491033554077,90
152,Warren St & W Broadway,40.71473993,-74.00910627,1
278,Concord St & Bridge St,40.69766564,-73.98476437,84
483,E 12 St & 3 Ave,40.73223272,-73.98889957,9
3555,28 St & 41 Ave,40.751047,-73.93796999999999,114
4124,Central Park W & W 91 St,40.78866499127879,-73.966800570488,22
144,Nassau St & Navy St,40.69839895,-73.98068914,84
3336,E 97 St & Madison Ave,40.787801,-73.953559,23
3067,Broadway & Whipple St,40.7016657,-73.9437303,90
261,Johnson St & Gold St,40.69474881,-73.98362464,84
257,Lispenard St & Broadway,40.71939226,-74.00247214,1
3848,Suydam St & Broadway,40.695440000000005,-73.93223,83
3832,Central Ave & Weirfield St,40.69055,-73.91181,83
3454,Leonard St & Maujer St,40.71036854235229,-73.94705951213841,90
3527,5 Ave & E 126 St,40.806979999999996,-73.94174699999999,25
3909,Madison St & Woodward Ave,40.70408,-73.90408000000001,104
3999,Adam Clayton Powell Blvd & W 138 St,40.8169597103246,-73.9422959089279,32
3789,Fulton St & Irving Pl,40.68186,-73.95943199999999,88
303,Mercer St & Spring St,40.72362738,-73.99949601,1
3777,Stockholm St & Wilson Ave,40.699304,-73.92304399999999,83
3847,Cedar St & Evergreen Ave,40.696709999999996,-73.92806999999999,83
4163,Boone Ave & E 172 St,40.832648999999996,-73.885272,42
373,Willoughby Ave & Walworth St,40.69331716,-73.95381995,79
3346,Berkeley Pl & 7 Ave,40.6751468387098,-73.9752320945263,78
3115,India St & Manhattan Ave,40.73232194,-73.9550858,94
3322,12 St & 4 Ave,40.668603000000004,-73.99043940000001,78
3358,Garfield Pl & 8 Ave,40.671197799999995,-73.97484126,78
4239,E 50 St & Park Ave,40.757334,-73.974235,18
3102,Driggs Ave & Lorimer St,40.72179134,-73.95041540000001,94
3778,Irving Ave & DeKalb Ave,40.7027,-73.92095,83
3092,Berry St & N 8 St,40.7190095,-73.95852515,94
4007,Riverside Dr & W 138 St,40.823168,-73.955857,30
3042,Fulton St & Utica Ave,40.6794268,-73.92989109999999,81
3472,W 15 St & 10 Ave,40.742753828659,-74.0074735879898,10
3547,Broadway & Moylan Pl,40.8143256,-73.9590255,26
502,Henry St & Grand St,40.714211,-73.981095,7
3355,E 66 St & Madison Ave,40.7680088930595,-73.9684528112411,19
3734,E 58 St &  1 Ave (NW Corner),40.759125,-73.96265799999999,17
4078,Concourse Village East & E 158 St,40.823732,-73.919379,44
3763,Wyckoff Av & Jefferson St,40.707165,-73.923711,83
305,E 58 St & 3 Ave,40.76095756,-73.96724467,17
3900,Morgan Ave & Lombardy St,40.72226,-73.93889,94
3903,Jefferson Ave & Evergreen Ave,40.689890000000005,-73.91458,83
380,W 4 St & 7 Ave S,40.73401143,-74.00293877,6
3815,E 51 St & 2 Ave,40.755293,-73.967641,17
411,E 6 St & Avenue D,40.72228087,-73.97668709,9
2006,Central Park S & 6 Ave,40.76590936,-73.97634151,22
4047,Amsterdam Ave & W 156 St,40.832081,-73.942386,33
4054,W 163 St & Riverside Dr,40.839278,-73.94544599999999,33
403,E 2 St & 2 Ave,40.72502876,-73.99069656,9
174,E 25 St & 1 Ave,40.7381765,-73.97738662,13
4165,E 165 St & Clay Ave,40.82809,-73.91288,44
3069,Lorimer St & Broadway,40.70411791,-73.94818595,90
3834,Irving Ave & Halsey St,40.69467,-73.90663,83
3776,Central Ave & Starr Street,40.700003,-73.92834,83
3467,W Broadway & Spring St,40.7249467235942,-74.0016585588455,1
4057,Amsterdam Ave & W 167 St,40.839443,-73.937044,33
3603,31 Ave & 30 St,40.7647,-73.9240312,114
3963,Melrose Ave & E 150 St,40.816827,-73.917338,40
4179,Freeman St & Southern Blvd,40.830051,-73.892103,42
3686,Gansevoort St & Hudson St,40.739448201304,-74.0050703287125,6
3740,W Broadway & W Houston St,40.726378000000004,-74.000472,1
3986,E 149 St & Morris Ave,40.81734,-73.922962,40
3243,E 58 St & 1 Ave (NE Corner),40.7589238637769,-73.96226227283479,17
3074,Montrose Ave & Bushwick Ave,40.70767788,-73.94016171,90
392,Jay St & Tech Pl,40.695065,-73.987167,84
330,Reade St & Broadway,40.71450451,-74.00562789,5
3083,Bushwick Ave & Powers St,40.71247661,-73.94100005,90
528,2 Ave & E 31 St,40.74290902,-73.97706058,17
4052,Amsterdam Ave & W 162 St,40.83618,-73.939789,33
3425,2 Ave & E 104 St,40.789210499999996,-73.94370784,23
3416,7 Ave & Park Pl,40.67761470000001,-73.97324283,78
3076,Scholes St & Manhattan Ave,40.70870368,-73.9448625,90
507,E 25 St & 2 Ave,40.73912601,-73.97973776,13
3817,Withers St & Kingsland Ave,40.717729999999996,-73.94051,94
3297,6 St & 7 Ave,40.668662700000006,-73.97988067,78
3501,E 118 St & Madison Ave,40.801486600000004,-73.9442507,25
4061,Fort Washington Ave & W 173 St,40.84522,-73.940493,33
3054,Greene Ave & Throop Ave,40.6894932,-73.942061,79
3830,Halsey St & Evergreen Ave,40.68858,-73.91226999999999,83
3364,Carroll St & 5 Ave,40.6751622,-73.9814832,78
4302,21 St & 23 Ave,40.778557,-73.919046,114
3595,35 St & Broadway,40.760339,-73.9222427,114
390,Duffield St & Willoughby St,40.69221589,-73.9842844,84
3887,Flushing Ave & Woodward Ave,40.71246,-73.91873000000001,104
3864,Central Ave & Covert St,40.68929,-73.90951,83
3362,Madison Ave & E 82 St,40.7781314,-73.96069399,19
4021,E 138 St & Grand Concourse,40.813224,-73.930605,40
3735,W 30 St & 10 Ave,40.752694,-74.002353,10
3136,5 Ave & E 63 St,40.766368,-73.971518,22
3881,12 Ave & W 125 St,40.818298999999996,-73.96040500000001,26
3586,34 Ave & 13 St,40.763875299999995,-73.9364848,114
3057,Kosciuszko St & Tompkins Ave,40.69128258,-73.9452416,79
254,W 11 St & 6 Ave,40.73532427,-73.99800419,6
4174,3 Ave & E 170 St,40.834857,-73.903743,42
436,Hancock St & Bedford Ave,40.68216564,-73.95399026,79
3609,Vernon Blvd & 31 Ave,40.7692475,-73.93545040000001,114
3159,W 67 St & Broadway,40.77492513,-73.98266566,20
3604,Rogers Ave & Sterling St,40.6630619,-73.95387459999999,71
3419,Douglass St & 4 Ave,40.67927879999999,-73.98154004,78
363,West Thames St,40.70834698,-74.01713445,1
3382,Carroll St & Smith St,40.680611,-73.99475825,76
3756,White St & Moore St,40.704508000000004,-73.9351,90
3947,E 138 St & Willow Ave,40.804168,-73.91154499999999,40
3116,Huron St & Franklin St,40.732659999999996,-73.95826,94
366,Clinton Ave & Myrtle Ave,40.693261,-73.968896,88
3839,Putnam Ave & Knickerbocker Ave,40.69545,-73.91164,83
3047,Halsey St & Tompkins Ave,40.682368700000005,-73.944118,79
3826,Moffat St & Bushwick,40.68458,-73.90925,83
4082,Gerard Ave & McClellan St,40.833909000000006,-73.92112,44
3232,Bond St & Fulton St,40.68962188790329,-73.9830426871777,84
250,Lafayette St & Jersey St,40.72456089,-73.99565293,5
3142,1 Ave & E 62 St,40.761227399999996,-73.96094022,19
4198,E 161 St & Park Ave,40.824811,-73.91640699999999,44
3984,W 140 St & Riverside Dr,40.824013,-73.95474300000001,30
4105,Concourse Village West & E 156 St,40.823161999999996,-73.92326700000001,44
3064,Myrtle Ave & Lewis Ave,40.69681963,-73.93756926,81
346,Bank St & Hudson St,40.73652889,-74.00618026,6
453,W 22 St & 8 Ave,40.74475148,-73.99915362,10
3760,Willoughby Ave & Wyckoff Ave,40.705614000000004,-73.92153,83
4282,Washington St & Barrow St,40.7319113232317,-74.008769094944,6
421,Clermont Ave & Park Ave,40.69573398,-73.97129668,88
3619,Newtown Ave & 23 St,40.7713615,-73.9246145,114
3858,Kent St & McGuinness Blvd,40.73124,-73.95161,94
4065,Wadsworth Ave & W 179 St,40.848467,-73.936064,33
268,Howard St & Centre St,40.71910537,-73.99973337,5
3562,Classon Ave & St Marks Ave,40.676519799999994,-73.9596082,77
530,11 Ave & W 59 St,40.7714967105444,-73.9904603362083,18
3490,E 116 St & 2 Ave,40.796879,-73.93726099999999,25
4332,Morris Ave & E 163 St,40.827230499624704,-73.9176557959763,44
245,Myrtle Ave & St Edwards St,40.69327018,-73.97703874,88
440,E 45 St & 3 Ave,40.75255434,-73.97282625,17
3462,E 44 St & 2 Ave,40.751183874632794,-73.9713871479034,17
3523,24 Ave & 29 St,40.7729,-73.91614200000001,114
3505,Lexington Ave & E 127 St,40.805726,-73.936322,25
3305,E 91 St & 2 Ave,40.7811222993417,-73.9496558904648,19
4152,Fulton Ave & E 168 St,40.830471,-73.904556,42
4010,W 145 St & Amsterdam Ave,40.825244,-73.947257,30
4045,West End Ave & W 60 St,40.77237,-73.99005,20
3869,Van Buren St & Broadway,40.692,-73.92617,83
4205,Crotona Park North & Prospect Ave,40.841091999999996,-73.892317,42
3790,Henry St & Middagh St,40.7003,-73.99158100000001,84
400,Pitt St & Stanton St,40.71926081,-73.98178024,7
3937,E 135 St & St Ann's Ave,40.805089,-73.91888900000001,40
3572,34 Ave & 38 St,40.756913,-73.921631,114
4062,Amsterdam Ave & W 175 St,40.844044,-73.933651,33
3146,E 81 St & 3 Ave,40.77573034,-73.9567526,19
3995,5 Ave & E 135 St,40.812191,-73.937838,25
3463,E 16 St & Irving Pl,40.735367055605394,-73.9879739284515,13
4081,Gerard Ave & E 165 St,40.83173,-73.922394,44
3221,47 Ave & 31 St,40.743,-73.93561,108
3053,Marcy Ave & Lafayette Ave,40.6900815,-73.94791500000001,79
228,E 48 St & 3 Ave,40.7546011026,-73.971878855,17
3715,Driggs Ave & N 9 St,40.718169694542105,-73.95520135760309,94
379,W 31 St & 7 Ave,40.749156,-73.9916,14
4070,W 180 St & Ft Washington Ave,40.849971999999994,-73.938423,34
359,E 47 St & Park Ave,40.75510267,-73.97498696,18
3350,W 100 St & Broadway,40.797372100000004,-73.97041192,24
3231,E 67 St & Park Ave,40.76780080148129,-73.96592080593109,19
3811,27 Ave & 3 St,40.77485,-73.9342,114
3235,E 41 St & Madison Ave,40.752165280622,-73.97992193698879,14
3812,University Pl & E 14 St,40.734814,-73.992085,6
3876,Forest Ave & Summerfield St,40.699220000000004,-73.89795,104
3580,St Johns Pl & Washington Ave,40.6737236,-73.9631611,77
3154,E 77 St & 3 Ave,40.77314236,-73.95856158,19
3577,34 Ave & 21 St,40.762813799999996,-73.9342862,114
3956,St. Ann's Ave & E 144 St,40.811112,-73.914932,40
3575,Crescent St & 34 Ave,40.76108,-73.930562,114
295,Pike St & E Broadway,40.71406667,-73.99293911,5
3088,Union Ave & Jackson St,40.7160751,-73.95202900000001,94
3612,30 Ave & 21 St,40.77037429999999,-73.9286078,114
3328,W 100 St & Manhattan Ave,40.795,-73.9645,24
516,E 47 St & 1 Ave,40.75206862,-73.96784384,17
3507,Park Ave & E 124 St,40.8045555,-73.93968609999999,25
3946,St Nicholas Ave & W 137 St,40.818477,-73.947568,26
427,Bus Slip & State St,40.701907,-74.013942,1
479,9 Ave & W 45 St,40.76019252,-73.9912551,14
2017,E 43 St & 2 Ave,40.75022392,-73.97121414,17
3860,Wilson Ave & Troutman St,40.70166,-73.92754000000001,83
3746,6 Ave & Broome St,40.7243083216022,-74.0047303587198,1
217,Old Fulton St,40.70277159,-73.99383605,84
4195,E 167 St & Clay Ave,40.830940000000005,-73.91125,44
289,Monroe St & Classon Ave,40.684568299999995,-73.95881081,79
3422,Columbia St & Degraw St,40.6859296,-74.00242364,76
4109,Amsterdam Ave & W 183 St,40.84925,-73.93021999999999,34
3514,Astoria Park S & Shore Blvd,40.7767,-73.927631,114
3587,Carroll St & Washington Ave,40.6686744,-73.9618148,71
3647,48 Ave & 30 Pl,40.7412830935599,-73.9372587203979,108
4000,Lenox Ave & W 144 St,40.819783,-73.936521,32
3058,Lewis Ave & Kosciuszko St,40.69237074,-73.93705428,81
522,E 51 St & Lexington Ave,40.75714758,-73.97207836,18
119,Park Ave & St Edwards St,40.69608941,-73.97803415,88
3628,Lenox Ave & W 117 St,40.8025566,-73.9490782,28
4002,W 144 St & Adam Clayton Powell Blvd,40.820877,-73.939249,32
3992,W 169 St & Fort Washington Ave,40.8428422,-73.9421253,33
3148,E 84 St & 1 Ave,40.77565541,-73.95068615,19
3942,Broadway & W 133 St,40.8190344,-73.95615600000001,30
3539,W 116 St & Amsterdam Ave,40.8067581,-73.9607082,26
4014,Riverside Dr & W 148 St,40.829114000000004,-73.95042600000001,30
3601,Sterling St & Bedford Ave,40.6627059,-73.9569115,71
4023,Adam Clayton Powell Blvd & W 141 St,40.819241,-73.941057,32
3392,Commerce St & Van Brunt St,40.681211700000006,-74.00860912,76
3398,Smith St & 9 St,40.67469570000001,-73.99785768,76
3086,Graham Ave & Conselyea St,40.715143,-73.944507,94
3779,Hart St & Wyckoff Ave,40.704876,-73.919911,83
3896,Madison St & Seneca Ave,40.70183,-73.90625,104
3345,Madison Ave & E 99 St,40.789485415532106,-73.9524292945862,23
4304,34th Ave & Vernon Blvd,40.7653538038587,-73.93986314535141,114
4019,St. Ann's Av & Bruckner Blvd,40.803399,-73.919763,40
3410,Dean St & Hoyt St,40.686444200000004,-73.98759104,84
3568,34 St & 35 Ave,40.756933200000006,-73.92622309999999,114
232,Cadman Plaza E & Tillary St,40.69597683,-73.99014892,84
4076,E 150 St & Gerard Ave,40.820089,-73.928947,44
3304,6 Ave & 9 St,40.668127,-73.98377641,78
3459,E 53 St & 3 Ave,40.7576322773944,-73.9693057537079,17
4017,E 138 St & 5 Av,40.81449,-73.936153,25
3923,Lincoln Ave & E 134 St,40.808484,-73.928803,40
4127,Ogden Ave & Merriam Ave,40.839141999999995,-73.925961,44
3532,Ditmars Blvd & 19 St,40.78145,-73.9183302,114
3517,31 St & Hoyt Ave N,40.771152799999996,-73.9170074,114
3056,Kosciuszko St & Nostrand Ave,40.69072549,-73.95133465,79
3363,E 102 St & Park Ave,40.7904828,-73.95033068,23
3049,Cambridge Pl & Gates Ave,40.68488,-73.96304,88
3733,Avenue C & E 18 St,40.730563000000004,-73.973984,13
3284,E 88 St & Park Ave,40.78141070019,-73.9559590816498,19
3535,Mt Morris Park W & W 120 St,40.804038,-73.945925,25
3614,Crescent St & 30 Ave,40.768692,-73.9249574,114
3378,E 76 St & Park Ave,40.773763,-73.96222088,19
513,W 56 St & 10 Ave,40.768254,-73.988639,18
402,Broadway & E 22 St,40.740343200000005,-73.98955109,13
3824,Van Sinderen Ave & Truxton St,40.6786,-73.90369,73
3945,Amsterdam Ave & W 136 St,40.819746,-73.951819,30
3874,Menahan St & Seneca Ave,40.704609999999995,-73.91054,104
3492,E 118 St & Park Ave,40.8005385,-73.9419949,25
168,W 18 St & 6 Ave,40.73971301,-73.99456405,13
3298,Warren St & Court St,40.686371,-73.99383324,76
406,Hicks St & Montague St,40.69512845,-73.99595065,84
3343,W 107 St & Columbus Ave,40.7997568,-73.9621128676,24
4193,W 181 St & Riverside Dr,40.85168,-73.94185999999999,34
3094,Graham Ave & Withers St,40.7169811,-73.94485918,94
3404,7 St & 5 Ave,40.670492200000005,-73.98541675,78
3061,Throop Ave & Myrtle Ave,40.69622937,-73.94371094,79
3418,Plaza St West & Flatbush Ave,40.675020700000005,-73.97111473,78
3388,President St & Henry St,40.6828003,-73.99990419,76
239,Willoughby St & Fleet St,40.69196566,-73.9813018,88
3552,W 113 St & Broadway,40.805973,-73.964928,26
3584,Eastern Pkwy & Franklin Ave,40.670776700000005,-73.9576801,77
3610,Vernon Blvd & 30 Rd,40.770845,-73.93417099999999,114
3583,Eastern Pkwy & Washington Ave,40.6716493,-73.9631145,78
514,12 Ave & W 40 St,40.76087502,-74.00277668,10
3561,37 Ave & 35 St,40.7531106,-73.9279917,114
3389,Carroll St & Columbia St,40.6830456,-74.00348559,76
3534,Frederick Douglass Blvd & W 117 St,40.805159,-73.95469200000001,28
3063,Nostrand Ave & Myrtle Ave,40.69527008,-73.95238108,79
3469,India St & West St,40.7318140172097,-73.9599502086639,94
325,E 19 St & 3 Ave,40.73624527,-73.98473765,13
3430,Richardson St & N Henry St,40.7190789117956,-73.94223690032959,94
3988,E 128 St & 3 Ave,40.805631,-73.934077,25
3125,45 Rd & 11 St,40.74708586,-73.94977234,108
3062,Myrtle Ave & Marcy Ave,40.69539817,-73.94954908,79
3546,Pacific St & Classon Ave,40.67919439999999,-73.95879029999999,77
304,Broadway & Battery Pl,40.70463334,-74.01361706,1
3529,Lenox Ave & W 130 St,40.8107922,-73.9430681,32
327,Vesey Pl & River Terrace,40.715337899999994,-74.01658354,1
4112,Wards Meadow Comfort Station,40.78294,-73.93077,25
351,Front St & Maiden Ln,40.70530954,-74.00612572,1
3867,Somers St & Broadway,40.67945,-73.90474,73
3545,Broadway & W 122 St,40.8120562,-73.9612547,26
3497,Pleasant Ave & E 116 St,40.794987899999995,-73.9333349,25
3607,31 Ave & 14 St,40.7682,-73.9322662,114
3511,Adam Clayton Powell Blvd & W 115 St,40.802535,-73.9532423,28
316,Fulton St & William St,40.70955958,-74.00653609,1
3781,Greene Av & Myrtle Av,40.698568,-73.918877,83
3292,5 Ave & E 93 St,40.785785100000005,-73.957481,22
3920,E 132 St & Madison Ave,40.810224,-73.93719499999999,25
3121,Jackson Ave & 46 Rd,40.74524768,-73.94733276,108
3308,Kane St & Clinton St,40.686175799999994,-73.99645295,76
4147,E 163 St & Tiffany St,40.821075,-73.89506899999999,41
3953,W 147 St & Adam Clayton Powell Blvd,40.82281,-73.937413,32
3927,Lenox Ave & W 133 St,40.81296,-73.941878,32
4040,Madison Ave & E 26 St,40.7426847348757,-73.9867132902145,13
3411,Bond St & Bergen St,40.6849668,-73.98620772,84
3344,Pioneer St & Van Brunt St,40.679043,-74.011169,76
321,Cadman Plaza E & Red Cross Pl,40.69991755,-73.98971773,84
539,Metropolitan Ave & Bedford Ave,40.71534825,-73.96024116,94
259,South St & Whitehall St,40.70122128,-74.01234218,1
3105,N 15 St & Wythe Ave,40.724055,-73.955736,94
3119,Vernon Blvd & 50 Ave,40.74232744,-73.95411749,108
3335,Union St & 4 Ave,40.6772744,-73.98282002,78
3930,E 142 St & 3 Ave,40.812734999999996,-73.923697,40
3911,Wyckoff St & Nevins St,40.683426000000004,-73.984275,78
244,Willoughby Ave & Hall St,40.69196035,-73.96536851,88
3589,Broadway & 12 St,40.7668,-73.93477740000002,114
3616,Steinway St & 28 Ave,40.7656251,-73.9136695,114
4188,Broadway & W 155 St,40.83299,-73.94592,33
4172,Washington Ave & E 167 St,40.829896000000005,-73.907618,42
3516,31 St & Astoria Blvd,40.76991760000001,-73.91840570000001,114
3771,McKibbin St & Bogart St,40.706237,-73.933871,90
3118,McGuinness Blvd & Eagle St,40.73555,-73.95284000000001,94
3835,Knickerbocker Ave & Hancock St,40.69385,-73.90974,83
3046,Marcus Garvey Blvd & Macon St,40.682601,-73.938037,79
3658,W 18 St & 9 Ave,40.7435337324616,-74.0036755800247,10
4248,Old Slip & South St,40.7033668669587,-74.007867872715,1
3654,31 St & Northern Blvd,40.751869514218704,-73.933492898941,114
315,South St & Gouverneur Ln,40.70355377,-74.00670227,1
3377,Carroll St & Bond St,40.6786115,-73.99037292,76
3528,Steinway St & 23 Ave,40.771393700000004,-73.9077436,114
3895,Cypress Ave & Palmetto St,40.7015734087379,-73.9087629318237,104
216,Columbia Heights & Cranberry St,40.70037867,-73.99548059,84
335,Washington Pl & Broadway,40.72903917,-73.99404649,6
3893,Rockaway Ave & Bainbridge St,40.6831998817276,-73.91166642308241,73
3313,6 Ave & 12 St,40.666318100000005,-73.9854617,78
3593,31 St & Broadway,40.761584,-73.925921,114
4094,Park Ave & E 162 St,40.825716,-73.915585,44
396,Lefferts Pl & Franklin Ave,40.680342423,-73.9557689392,79
4170,Webster Ave & E 166 St,40.828975,-73.911259,42
3068,Humboldt St & Varet St,40.7031724,-73.940636,90
4135,Westchester Ave & Longwood Ave,40.819701,-73.90131099999999,41
4005,St. Nicholas Terrace & Convent Ave,40.821294,-73.947868,26
4130,Morris Ave & McClellan St,40.831584,-73.9149,44
4015,W 155 St & Frederick Douglass Blvd,40.829229999999995,-73.936996,32
4037,Roosevelt Island Tramway,40.757284000000006,-73.9536,114
4207,Sherman Ave & E 166 St,40.831305492673,-73.917447924614,44
3461,Murray St & Greenwich St,40.7148515052625,-74.0112233161926,1
4116,Gerard Ave & E 164 St,40.830262,-73.92339100000001,44
4184,Southern Blvd & E 174 St,40.836733,-73.88793100000001,42
525,W 34 St & 11 Ave,40.75594159,-74.0021163,10
3709,W 15 St & 6 Ave,40.738046142482794,-73.996429592371,13
3853,Harrison Pl & Porter Ave,40.70686,-73.92851,90
3071,Boerum St & Broadway,40.70538077,-73.94976519,90
3396,Clinton St & 4 Place,40.6783563,-74.00014502,76
4085,Grand Concourse & E 171 St,40.839549,-73.913004,44
3321,Clinton St & Union St,40.683116399999996,-73.99785267,76
4311,8 St & Astoria Blvd,40.7725996921817,-73.9326627552509,114
3782,Brooklyn Bridge Park - Pier 2,40.698458,-73.997178,84
4096,Grand Concourse & E 167 St,40.834263,-73.917641,44
3365,3 St & 7 Ave,40.67038370000001,-73.97839676,78
3563,28 St & 36 Ave,40.757186,-73.93271899999999,114
3762,3 Ave & Carroll St,40.677027,-73.9865,78
3613,Center Blvd & 48 Ave,40.745038,-73.957539,108
3618,27 St & Hunter St,40.7485,-73.941275,108
3384,Smith St & 3 St,40.678724200000005,-73.99599099,76
4048,St. Nicholas Ave & W 157 St,40.832314000000004,-73.94102,33
3317,10 St & 5 Ave,40.6686273,-73.98700053,78
4169,Morris Ave & E 171 St,40.83899,-73.9109,44
3846,Central Ave & Himrod St,40.69676,-73.92302,83
4229,Sheridan Ave & E 172 St,40.840494,-73.911479,44
3668,Leonard St & Nassau Ave,40.7239567849954,-73.9498436450958,94
3303,Butler St & Court St,40.6849894,-73.99440329,76
3522,37 St & 24 Ave,40.7701477,-73.9120938,114
3421,Hoyt St & Warren St,40.6843549,-73.98901629,76
3823,Beaver St & Fayette St,40.700990000000004,-73.93921,83
3883,Harman St & Seneca Ave,40.70577,-73.91292,104
3081,Graham Ave & Grand St,40.711863,-73.944024,90
4168,Mount Eden Pkwy & Eastburn Ave,40.842675,-73.90854399999999,44
4219,W 35 St & 9 Ave,40.7541451926352,-73.9960889518261,10
4016,Adam Clayton Powell Blvd & W 130 St,40.812346000000005,-73.946168,32
4238,W 44 St & 11 Ave,40.762009,-73.996975,18
3865,Knickerbocker Ave & Cooper St,40.69081,-73.90448,83
4167,Grand Concourse & East Mount Eden Ave,40.84301,-73.91171999999999,44
3623,W 120 St & Claremont Ave,40.8109494,-73.9634,26
4050,W 159 St & Edgecombe Ave,40.833303,-73.939326,33
3822,Bushwick Ave & Forrest St,40.700759999999995,-73.93641,83
4108,Clay Ave & E 173 St,40.843264000000005,-73.90486700000001,44
248,Laight St & Hudson St,40.72185379,-74.00771779,1
3359,E 68 St & Madison Ave,40.7691572,-73.96703464,19
3397,Court St & Nelson St,40.6763947,-73.99869893,76
3158,W 63 St & Broadway,40.77163851,-73.98261428,20
3598,Newton Rd & 44 St,40.7595701,-73.91426779999999,114
4107,E 170 St & Clay Ave,40.837213,-73.908345,44
3524,19 St & 24 Ave,40.777455200000006,-73.9225403,114
4201,Clay Ave & Claremont Pkwy,40.83999,-73.90549,44
3590,Carroll St & Franklin Ave,40.6679411,-73.9588,71
398,Atlantic Ave & Furman St,40.69165183,-73.99997859999999,76
3570,35 Ave & 37 St,40.7557327,-73.92366109999999,114
4038,Southpoint Park,40.753702254191104,-73.9586520195007,114
367,E 53 St & Lexington Ave,40.75828065,-73.97069431,17
3495,E 114 St & 1 Ave,40.79456629999999,-73.9362541,23
3673,Dean St & Franklin Ave,40.6775920693738,-73.95563721656801,77
3931,Morris Ave & E 142 St,40.814469,-73.924963,40
4066,Audobon Ave & W 179 St,40.847305,-73.933291,33
4156,Fulton Ave & St. Paul's Pl,40.83545,-73.90153000000001,42
3615,44 Dr & 21 St,40.748000000000005,-73.94609270000001,108
3122,48 Ave & 5 St,40.744363287066896,-73.95587325096129,108
3352,Sigourney St & Columbia St,40.6726724341095,-74.00879524648191,76
372,Franklin Ave & Myrtle Ave,40.694546087245996,-73.9580136537552,79
3123,31 St & Thomson Ave,40.74469738,-73.93540375,108
4069,Cabrini Blvd & W 177 St,40.848282,-73.941343,33
3978,Cauldwell Ave & E 161 St,40.82188,-73.907521,40
4157,Boston Rd & Prospect Ave,40.833246,-73.896599,42
4213,Wilkins Ave & Crotona Park E,40.835302,-73.895133,42
242,Carlton Ave & Flushing Ave,40.697787,-73.973736,88
3967,W 146 St & Broadway,40.826969,-73.949738,30
3818,Calyer St & Jewel St,40.72984,-73.94839,94
241,DeKalb Ave & S Portland Ave,40.68981035,-73.97493121,88
4182,Louis Nine Blvd & Intervale Ave,40.831998,-73.892686,42
4148,Intervale Ave & Westchester Ave,40.821967,-73.896752,41
4309,18 St & 27 Ave,40.7727682862883,-73.9274364709854,114
3100,Nassau Ave & Newell St,40.7248125644002,-73.947526216507,94
3939,Willow Ave & E 133 St,40.800933,-73.913863,40
4162,Southern Blvd & E 172 St,40.834123999999996,-73.88955,42
3513,21 St & Hoyt Ave S,40.774645,-73.92370600000001,114
4181,Hoe Ave & Jennings St,40.832171,-73.889686,42
3588,Vernon Blvd & 10 St,40.7671863,-73.9373554,114
3108,Nassau Ave & Russell St,40.725570000000005,-73.94434,94
3543,Morningside Dr & Amsterdam Ave,40.81028506306,-73.9573645591736,26
3952,E 141 St & Jackson Ave,40.806896,-73.911837,40
3530,Crescent St & Ditmars Blvd,40.7787185,-73.9145645,114
3840,Putnam Ave & Wyckoff Ave,40.69811,-73.90904,83
3761,Cedar St & Myrtle Ave,40.697842,-73.926241,83
343,Clinton Ave & Flushing Ave,40.69794,-73.96986848,88
4185,Southern Blvd & E 175 St,40.839335,-73.886445,42
3844,Myrtle Ave & Linden St,40.69943,-73.91337,83
3928,Adam Clayton Powell Blvd & W 132 St,40.813539,-73.94521,32
4024,Macombs Pl & W 152 St,40.826406,-73.93794799999999,32
3504,E 123 St & Lexington Ave,40.802926299999996,-73.9379,25
4228,Waterloo Pl & Crotona Park East,40.839194,-73.888587,42
3868,Knickerbocker Ave & Halsey St,40.693000000000005,-73.90824,83
83,Atlantic Ave & Fort Greene Pl,40.68382604,-73.97632328,78
3921,Willis Ave & Bruckner Blvd,40.805701,-73.925177,40
3901,Stanhope St & Fairview Ave,40.70998,-73.91116,104
4227,Crotona Park East & E 173 St,40.837037,-73.890413,42
4159,3 Ave & E 172 St,40.839586,-73.900277,42
4018,Broadway & W 131 St,40.817555,-73.957163,26
3420,Douglass St & 3 Ave,40.6802133,-73.98432695,78
4164,E 174 St & Longfellow Ave,40.836273999999996,-73.88430799999999,42
3324,3 Ave & 14 St,40.6685455,-73.99333264,78
3793,Stuyvesant Walk & 1 Av Loop,40.732339777151104,-73.97898383438591,13
3608,5 St & 51 Ave,40.7423737,-73.9566,108
3452,Bayard St & Leonard St,40.719155716960394,-73.9488539099693,94
3850,Jefferson St & Cypress Ave,40.709070000000004,-73.92156999999999,83
3913,Sands St Gate,40.699569,-73.979827,88
3757,Stagg St & Morgan Ave,40.710681,-73.93372,90
3578,Park Pl & Franklin Ave,40.67418060000001,-73.95649470000001,77
3787,Dock 72 Way & Market St,40.69985,-73.97140999999999,88
3980,Amsterdam Ave & W 152 St,40.829522999999995,-73.94427900000001,30
309,Murray St & West St,40.7149787,-74.013012,1
4158,Freeman St & Reverend James A Polite Ave,40.830529,-73.894717,42
3339,Berkeley Pl & 6 Ave,40.6765304,-73.97846879,78
3564,21 St & 36 Ave,40.760185299999996,-73.9362726,114
3576,Park Pl & Vanderbilt Ave,40.6767,-73.969024,77
4001,Lenox Ave & W 146 St,40.821111,-73.935971,32
3050,Putnam Ave & Throop Ave,40.6851532,-73.94111,79
3127,9 St & 44 Rd,40.74966,-73.9521,108
3526,31 St & 23 Ave,40.7747878,-73.91255509999999,114
3405,5 St & 6 Ave,40.670483600000004,-73.98208968,78
4211,Union Ave & E 169 St,40.82995,-73.898802,42
4245,Bruckner Blvd & Bryant Ave,40.821952,-73.88854599999999,41
3886,Menahan St & Onderdonk Ave,40.705529999999996,-73.9096,104
3299,E 98 St & Park Ave,40.788129999999995,-73.95206,23
3326,Clinton St & Centre St,40.67434,-74.00194698,76
4139,Tinton Ave & E 165 St,40.824796,-73.90241999999999,42
3884,Centre St & Seneca Ave,40.699690000000004,-73.9022,104
3970,Melrose Ave & E 154 St,40.819609,-73.916071,40
3855,Frost St & Debevoise Ave,40.71882,-73.93948,94
4192,Prospect Ave & E 167 St,40.826303,-73.898751,41
3716,40 Ave & Crescent St,40.7535992020056,-73.93795609474179,114
4134,Longwood Ave & Southern Blvd,40.816342999999996,-73.896447,41
3957,E 144 St & Brook Ave,40.811675,-73.917037,40
3565,36 Ave & 10 St,40.7614376,-73.9411265,114
4140,E 163 St & Union Ave,40.822545,-73.901824,42
3972,E 158 St & Melrose Ave,40.822215,-73.914688,40
4175,E 171 St & Webster Ave,40.838378999999996,-73.905838,42
3882,Norman St & Wyckoff Ave,40.695170000000005,-73.90311,104
3600,31 Ave & Steinway St,40.761148799999994,-73.9170071,114
4202,Dawson St & Intervale Ave,40.819998999999996,-73.897263,41
456,E 53 St & Madison Ave,40.75971079999999,-73.97402311,18
3302,Columbus Ave & W 103 St,40.7969347,-73.9643412291,24
3394,Columbia St & W 9 St,40.6769993,-74.00647134,76
3661,Montgomery St & Franklin Ave,40.6664393068708,-73.96055638790129,71
3924,Lincoln Ave & E 138 St,40.810893,-73.927311,40
4133,Beck St & Leggett Ave,40.815077,-73.899939,41
3949,Brook Ave & E 138 St,40.807408,-73.91924,40
3968,Prospect Ave & E 151 St,40.814232000000004,-73.903927,40
3996,Lexington Ave & E 128 St,40.806414000000004,-73.93608499999999,25
3899,Manhattan Av & Leonard St,40.72084,-73.94844,94
4132,Southern Blvd & Avenue St. John,40.812769,-73.901583,41
3407,Union St & Nevins St,40.6790979972168,-73.9876547455788,78
3582,Lincoln Pl & Classon Ave,40.672168299999996,-73.9609,77
3976,E 156 & Brook Ave,40.819823,-73.91241099999999,40
3871,Bushwick Ave & Furman Ave,40.682809999999996,-73.90623000000001,83
4051,W 160 St & St. Nicholas Ave,40.834468,-73.939865,33
4222,River Ave & E 151 St,40.822216999999995,-73.928939,44
3691,28 Ave & 44 St,40.7640893235069,-73.9106512069702,114
3929,Willis Ave & E 141 St,40.81093,-73.92160600000001,40
4247,Riverside Dr & W 153 St,40.832164,-73.949702,30
3965,E 149 St & Eagle Ave,40.814046000000005,-73.91186,40
3179,Park Ave & Marcus Garvey Blvd,40.698617,-73.941342,79
3875,Stephen St & Seneca Ave,40.6988,-73.9007,104
4118,Liberty St & Nassau St,40.7085889424058,-74.00935482235809,1
3649,W 129 St & Convent Ave,40.814394437915794,-73.95324736833571,26
3152,3 Ave & E 71 St,40.76873687,-73.96119945,19
4103,Ogden Ave & W 165 St,40.834457,-73.928381,44
3926,5 Ave & W 131 St,40.810140000000004,-73.93973000000001,32
3955,St Mary's St & Jackson Ave,40.808890999999996,-73.91081,40
3922,Alexander Ave & E 134 St,40.807466,-73.92710699999999,40
3606,49 Ave & 21 St,40.74252,-73.948852,108
4064,Southern Blvd & E 142 St,40.807347437082,-73.908097743988,40
4031,Cauldwell Ave & E 158 St,40.81989,-73.908351,40
4306,35 St & 23 Ave,40.773015082913794,-73.9111903309822,114
3399,7 St & 3 Ave,40.6726029815013,-73.9898300170898,78
3554,Vernon Blvd & 41 Rd,40.7552433,-73.94856779999999,114
3878,Cypress Ave & George St,40.69812,-73.90271,104
3704,47 Ave & Skillman Ave,40.7437524099784,-73.941764831543,108
4191,Intervale Ave & Kelly St,40.827301,-73.896372,41
3557,40 Ave & 9 St,40.75742,-73.945133,114
3940,E 134 St & Walnut Ave,40.800425,-73.911034,40
3960,Hamilton Pl & W 140 St,40.822756,-73.951346,30
3819,Green St & McGuinness Blvd,40.733959999999996,-73.95204,94
4114,Sunken Meadow Comfort Station,40.79558,-73.91906,25
3386,1 Pl & Clinton St,40.6809591,-73.99905709,76
4189,Grant Ave & E 169 St,40.83579,-73.913741,44
3814,E 56 St & Madison Ave,40.761573,-73.972628,18
4138,3 Ave & Franklin Ave,40.82696,-73.907451,42
4098,Shakespeare Ave & W 169 St,40.839312,-73.922423,44
3851,Metropolitan Ave & Stewart Ave,40.714009999999995,-73.92793,90
3981,Harlem River Dr & W 155 St,40.830476000000004,-73.939929,32
3342,Pioneer St & Richards St,40.677774799999995,-74.0094613,76
3828,Eldert St & Bushwick Ave,40.68652,-73.91320999999999,83
3998,W 135 St & Lenox Terrace Pl,40.813619,-73.939336,32
3948,E 138 St & Cypress Ave,40.805559,-73.91471800000001,40
3348,Coffey St & Conover St,40.677236,-74.015665,76
3907,Central Ave & Melrose St,40.70112,-73.93039,83
3849,Suydam St & St. Nicholas Ave,40.70636,-73.91945,83
3964,Brook Ave & E 148 St,40.814383,-73.915368,40
264,Maiden Ln & Pearl St,40.70706456,-74.00731853,1
4029,Courtlandt Ave & E 149 St,40.816402000000004,-73.919549,40
3542,Amsterdam Ave & W 119 St,40.8086249,-73.9596214,26
3477,39 St & 2 Ave,40.6553997744783,-74.01062786579129,72
3337,Dwight St & Van Dyke St,40.673635513415,-74.0119555592537,76
3646,35 Ave & 10 St,40.763154819103704,-73.93985509872441,114
4194,Plaza Dr & W 170 St,40.840484000000004,-73.917946,44
4030,Courtlandt Ave & E 157 St,40.822267,-73.916792,40
3727,Frost St & Meeker Ave,40.7176619708399,-73.948800265789,94
3043,Lewis Ave & Decatur St,40.6814598,-73.934903,81
3333,Columbia St & Lorraine St,40.6747055,-74.00755720000001,76
3872,Hancock St & Wyckoff Ave,40.6972,-73.90674,104
3944,Convent Ave & W 135 St,40.818215,-73.950988,26
3075,Division Ave & Marcy Ave,40.70708701,-73.95796783,90
4166,River Ave & E 153 St,40.82441,-73.92818,44
4055,W 165 St & Fort Washington Ave,40.84004,-73.942939,33
4136,Washington Ave & E 163 St,40.824,-73.91089000000001,42
3877,Madison St & Forest Ave,40.70555,-73.90245,104
4115,Bronx Shore Comfort Station,40.80046,-73.92404,25
3816,Metropolitan Ave & Vandervoort Ave,40.714290000000005,-73.93323000000001,90
3620,11 St & 43 Ave,40.7519071,-73.94791190000001,108
3393,Richards St & Delavan St,40.67943270000001,-74.00785041,76
3525,23 Ave & 27 St,40.776165,-73.9153175,114
3989,Willis Ave & E 137 St,40.808384000000004,-73.923604,40
4053,W 163 St & Edgecombe Ave,40.835798,-73.937496,33
4126,E 157 St & River Ave,40.825737,-73.927311,44
3854,Morgan Ave & Maspeth Ave,40.716657,-73.93637,90
4011,Westchester Ave & Jackson Ave,40.816124,-73.908116,40
4137,3 Ave & E 163 St,40.823871999999994,-73.908699,42
4074,Edgecombe Ave & W 167 St,40.838190999999995,-73.93608499999999,33
3559,21 St & 38 Ave,40.7576314,-73.9391224,114
4104,Old Broadway & W 133 St,40.818212,-73.955277,26
4190,Walton Ave & E 171 St,40.840683,-73.91507299999999,44
4056,Broadway & W 165 St,40.839137,-73.941409,33
4095,E 165 St & Jerome Ave,40.83263,-73.925101,44
4199,River Ave & McClellan St,40.83406,-73.92243,44
173,Broadway & W 49 St,40.7606832709659,-73.98452728986742,18
3785,W 42 St & 6 Ave,40.75492,-73.98455,14
4149,E 167 St & Franklin Ave,40.82895,-73.90521,42
4203,Westchester Ave & Southern Blvd,40.824956,-73.891677,41
4249,E 170 St & Webster Ave,40.836179136774795,-73.9073014632277,42
4027,St. Nicholas Ave & W 155 St,40.830663,-73.941323,30
3888,Woodward Ave & Harman St,40.70793,-73.91091999999999,104
3772,Devoe St & Morgan Ave,40.713811,-73.93515,90
3803,Bedford Ave & Montgomery St,40.665816,-73.95693399999999,71
465,Broadway & W 41 St,40.75513557,-73.98658032,14
3932,Grand Concourse & E 144 St,40.816576,-73.927987,40
3961,Morris Ave & E 153 St,40.820036,-73.92141099999999,40
3880,Willoughby Ave & Onderdonk Ave,40.7098,-73.91727,104
4041,Adam Clayton Powell Blvd & W 151 St,40.825289,-73.93623199999999,32
4025,Edgecombe Ave & W 150 St,40.826881,-73.941427,30
3985,E 160 St & Tinton Ave,40.820302000000005,-73.903944,40
3935,Amsterdam Ave & W 131 St,40.816355,-73.954295,26
3128,21 St & 43 Ave,40.75052534,-73.94594845,108
4305,34 Ave & 31 St,40.759604471387895,-73.9271441102028,114
4161,3 Ave & E 174 St - Bathgate Vaccination Site,40.842240000000004,-73.8985,42
3977,Prospect Ave & Longwood Ave,40.81899,-73.90202,40
4155,E 169 St & Fox St,40.827184,-73.893721,41
3982,Bergen Ave & E 152 St,40.817166,-73.914737,40
3852,Stewart Ave & Johnson Ave,40.708690000000004,-73.92586999999999,90
4310,24 St & 38 Ave,40.756351,-73.936515,114
3975,Brook Ave & E 157 St,40.820713,-73.911759,40
3242,Schermerhorn St & Court St,40.69102925677971,-73.991833627224,84
4212,Franklin Ave & E 169 St,40.83171,-73.90208,42
3879,Broadway & Madison St,40.68822,-73.91966,83
3936,W 133 St & 12 Ave,40.820003,-73.959089,26
4171,Boston Rd & E 167 St,40.828199,-73.903719,42
4087,W 170 St & University Ave,40.84207,-73.926075,44
4129,Anderson Ave & W 164 St,40.832057,-73.927421,44
4092,Jerome Ave & Anderson Ave,40.830179,-73.928747,44
3958,Willis Ave & E 143 St,40.812298999999996,-73.92036999999999,40
4091,Jerome Ave & Ogden Ave,40.829797,-73.931015,44
3340,Wolcott St & Dwight St,40.6753274,-74.0100698,76
3843,Myrtle Ave & Grove St,40.69905,-73.91516,83
3825,Broadway & Furman Ave,40.68139,-73.90756,83
3885,Onderdonk Ave & Gates Ave,40.70413,-73.90737,104
3862,Linden St & Knickerbocker Ave,40.697140000000005,-73.91566,83
3330,Henry St & Bay St,40.672505799999996,-74.00494695,76
4200,E 174 St & Walton Ave,40.844811,-73.912042,44
4144,Lafayette Ave & Hunts Point Ave,40.816567,-73.888161,41
4067,Amsterdam Ave & W 180 St,40.847396,-73.931205,34
4086,Inwood Ave & W 170 St,40.840536,-73.919228,44
3950,Brook Ave & E 141 St,40.809619,-73.917875,40
4173,Longfellow Ave & E 165 St,40.825322,-73.88772900000001,41
4101,E 153 St & E 157 St,40.826677000000004,-73.929327,44
3933,Gerard Ave & E 146 St,40.817755,-73.92965,40
4090,Grand Concourse & E 156 St,40.823429,-73.924689,44
4208,Walton Ave & E 153 St,40.822351,-73.926907,44
4141,Southern Blvd & Tiffany St,40.818185,-73.894143,41
3902,Fairview Ave & Linden St,40.70694,-73.90632,104
3765,Bushwick Ave & Stagg St,40.709897,-73.94008000000001,90
3891,Irving Ave & Palmetto St,40.698,-73.9127,83
4128,College Ave & E 170 St,40.837576,-73.910489,44
4209,University Ave & W 168 St,40.838706,-73.92703399999999,44
4080,Jerome Ave & E 164 St,40.831444,-73.926226,44
3983,Westchester Ave & E 156 St,40.817802,-73.905203,40
4206,Southern Blvd & E 149 St,40.811892,-73.90419200000001,40
3941,Walnut Ave & E 136 St,40.801657,-73.909513,40
4250,Seneca Ave & Irvine St,40.8187256999012,-73.8886249065399,41
4215,Hudson St & W 13 St,40.740057085672895,-74.0052741765976,6
4180,West Farms Rd & Boone Ave,40.830025,-73.886312,42
4154,Faile St & Garrison Ave,40.820578000000005,-73.888271,41
4143,Hunts Point Ave & Bryant Ave,40.813990999999994,-73.8855,41
4146,Garrison Ave & Manida St,40.818743,-73.890247,41
4183,Fulton Ave & E 172 St,40.839228999999996,-73.899047,42
3969,St Ann's Ave & Westchester Ave,40.815887,-73.911918,40
3395,Henry St & W 9 St,40.6763744,-74.00324957,76
4153,E 165 St & Fox St,40.82394,-73.894025,41
4252,Home St & Westchester Ave,40.827628999999995,-73.886659,42
2005,Railroad Ave & Kay Ave,40.70531194,-73.97100056,88
4303,Steinway St & Broadway,40.7590579541859,-73.9189754426479,114
4329,35 St & 30 Ave,40.7654756924495,-73.9181157946587,114
3938,E 133 St & Cypress Pl,40.802620000000005,-73.9174,40
3966,Wales Ave & E 147 St,40.811314,-73.907729,40
4240,E 44 St & Lexington Ave,40.752643,-73.97499599999999,17
4312,Shore Blvd & Astoria Park,40.77977,-73.923162,114
4244,W 36 St & 7 Ave,40.752148999999996,-73.98953900000001,14
4251,Nelson Ave & 167 St,40.836705668628,-73.92608866095541,44
4308,E 170 St & Sheridan Ave,40.838315,-73.912604,44
4142,Barry St & Tiffany St,40.816126000000004,-73.891559,41
4111,E 27 St & Park Ave S,40.7427517964899,-73.98471571505071,13
512,W 29 St & 9 Ave,40.750072700000004,-73.99839279,10
4151,3 Ave & E 169 St,40.832678,-73.905158,42
4284,43 St & 35 Ave,40.754139,-73.919543,114
4262,38 St & Northern Blvd,40.752371999999994,-73.925384,114
4263,30 Ave & 41 St,40.763422,-73.914142,114
4254,34 St & 38 Ave,40.752443,-73.929737,114
4255,42 Pl & Northern Blvd,40.753091,-73.920603,114
4330,31 Rd & 21 St,40.766824,-73.930486,114
4258,34 Ave & 45 St,40.754795,-73.917014,114
4314,30 Ave & 47 St,40.761294,-73.909562,114
4315,46 St & 30 Rd,40.76072,-73.910989,114
4186,E 149 St & Park Ave,40.818154,-73.925294,44
4285,46 St & 25 Ave,40.765753000000004,-73.90675999999999,114
4257,43 St & 37 Ave,40.750181,-73.91999799999999,114
4316,34 Ave & 48 St,40.75388,-73.914952,114
4265,49 St & 31 Ave,40.758057,-73.90983100000001,114
4313,46 St & 28 Ave,40.763328,-73.90878199999999,114
4264,48 St & Broadway,40.755763,-73.912715,114
4268,50 St & Northern Blvd,40.753440999999995,-73.912402,114
4317,51 St & Hobart St,40.757764,-73.90765400000001,114
4256,25 Ave & 41 St,40.767666,-73.910963,114
4266,50 St & 30 Ave,40.760083,-73.907107,114
4260,43 St & 23 Ave,40.769673,-73.906018,114
3736,E 12 St & Ave C,40.727243,-73.976831,9
4269,Broadway & 51 St,40.754164,-73.908906,114
4270,62 St & Northern Blvd,40.754176,-73.900318,114
4319,31 Ave & 57 St,40.757357,-73.904726,114
4318,Broadway & 49 St,40.755389,-73.911517,114
4387,58 St & 2 Ave - Brooklyn Army Terminal Vaccination Site,40.644512,-74.021506,72
4267,Bulova Ave & Brooklyn Queens Expressway W,40.762507,-73.902534,114
4287,Steinway St & Ditmars Blvd,40.772717,-73.906127,114
4261,36 St & Ditmars Blvd,40.774306,-73.908335,114
4320,31 St & Ditmars Blvd,40.776168,-73.910485,114
4271,31 Ave & 61 St,40.757525,-73.901614,114
4273,Ditmars Blvd & 48 St,40.769219,-73.90100100000001,114
4386,57 St & 1 Ave - Brooklyn Army Terminal Vaccination Site,40.646377,-74.023087,72
4289,31 St & 21 Ave,40.77813,-73.90841999999999,114
4331,48 St & 37 Ave,40.751554999999996,-73.915026,114
4272,Ditmars Ave & 43 St,40.771203,-73.903865,114
4288,Steinway St & 21 Ave,40.774798,-73.903787,114
4275,21 Ave & Shore Blvd,40.783955999999996,-73.916894,114
4327,21 St & 21 Ave,40.782465,-73.914527,114
4321,21 Ave & Crescent St,40.780478,-73.912212,114
